{"cameraMode":{"drawMode":0,"name":"Shaded","section":"Shading Mode"},"sceneLighting":false,"audioPlay":false,"sceneViewState":{"showFog":true,"showMaterialUpdate":false,"showSkybox":true,"showFlares":true,"showImageEffects":true,"showParticleSystems":true},"in2DMode":false,"pivot":{"x":-1.8243331909179688,"y":6.403502941131592,"z":-1.6450634002685547},"rotation":{"x":0.01053028553724289,"y":0.9888173937797546,"z":-0.12166434526443482,"w":0.08559900522232056},"size":29.970378875732423,"orthographic":false}