{"cameraMode":{"drawMode":0,"name":"Shaded","section":"Shading Mode"},"sceneLighting":true,"audioPlay":false,"sceneViewState":{"showFog":true,"showMaterialUpdate":true,"showSkybox":true,"showFlares":true,"showImageEffects":true,"showParticleSystems":true},"in2DMode":false,"pivot":{"x":38.61676788330078,"y":1.9267126321792603,"z":-73.39558410644531},"rotation":{"x":-0.08828236162662506,"y":-0.23468637466430665,"z":0.021408628672361375,"w":-0.9678172469139099},"size":7.491266250610352,"orthographic":false}