{"cameraMode":{"drawMode":0,"name":"Shaded","section":"Shading Mode"},"sceneLighting":true,"audioPlay":false,"sceneViewState":{"showFog":true,"showMaterialUpdate":true,"showSkybox":true,"showFlares":true,"showImageEffects":true,"showParticleSystems":true},"in2DMode":false,"pivot":{"x":1.4255311489105225,"y":4.177751541137695,"z":-2.3556969165802},"rotation":{"x":-0.33194029331207278,"y":-0.014184214174747467,"z":0.004991412162780762,"w":-0.9431805610656738},"size":2.7523510456085207,"orthographic":false}