{"cameraMode":{"drawMode":0,"name":"Shaded","section":"Shading Mode"},"sceneLighting":true,"audioPlay":false,"sceneViewState":{"showFog":true,"showMaterialUpdate":true,"showSkybox":true,"showFlares":true,"showImageEffects":true,"showParticleSystems":true},"in2DMode":false,"pivot":{"x":-14.52103328704834,"y":1.8943281173706055,"z":355.57037353515627},"rotation":{"x":0.0051750061102211479,"y":-0.9714562296867371,"z":0.021280860528349878,"w":0.23620587587356568},"size":20.782201766967775,"orthographic":false}