{"cameraMode":{"drawMode":0,"name":"Shaded","section":"Shading Mode"},"sceneLighting":true,"audioPlay":false,"sceneViewState":{"showFog":true,"showMaterialUpdate":true,"showSkybox":true,"showFlares":true,"showImageEffects":true,"showParticleSystems":true},"in2DMode":false,"pivot":{"x":320.01739501953127,"y":203.03822326660157,"z":-465.69091796875},"rotation":{"x":0.2385646402835846,"y":-0.21081310510635377,"z":0.053137168288230899,"w":0.9464783072471619},"size":38.685977935791019,"orthographic":false}