{"cameraMode":{"drawMode":0,"name":"Shaded","section":"Shading Mode"},"sceneLighting":true,"audioPlay":false,"sceneViewState":{"showFog":true,"showMaterialUpdate":true,"showSkybox":true,"showFlares":true,"showImageEffects":true,"showParticleSystems":true},"in2DMode":false,"pivot":{"x":-199.6161346435547,"y":261.9281005859375,"z":183.2349853515625},"rotation":{"x":0.35354670882225039,"y":0.3593505918979645,"z":-0.14935369789600373,"w":0.8506264686584473},"size":18.522323608398439,"orthographic":false}