{"cameraMode":{"drawMode":0,"name":"Shaded","section":"Shading Mode"},"sceneLighting":true,"audioPlay":false,"sceneViewState":{"showFog":true,"showMaterialUpdate":false,"showSkybox":true,"showFlares":true,"showImageEffects":true,"showParticleSystems":true},"in2DMode":false,"pivot":{"x":-4.5956130027771,"y":66.6089096069336,"z":-197.8956756591797},"rotation":{"x":0.10724606364965439,"y":0.8694593906402588,"z":-0.21637772023677827,"w":0.4309517443180084},"size":9.732505798339844,"orthographic":false}