{"cameraMode":{"drawMode":0,"name":"Shaded","section":"Shading Mode"},"sceneLighting":true,"audioPlay":false,"sceneViewState":{"showFog":true,"showMaterialUpdate":true,"showSkybox":true,"showFlares":true,"showImageEffects":true,"showParticleSystems":true},"in2DMode":false,"pivot":{"x":-71.16514587402344,"y":-1.1215202808380128,"z":-145.31985473632813},"rotation":{"x":0.0702425017952919,"y":-0.6139594912528992,"z":0.05498765408992767,"w":0.7842805981636047},"size":22.705411911010743,"orthographic":false}