{"cameraMode":{"drawMode":0,"name":"Shaded","section":"Shading Mode"},"sceneLighting":true,"audioPlay":false,"sceneViewState":{"showFog":true,"showMaterialUpdate":true,"showSkybox":true,"showFlares":true,"showImageEffects":true,"showParticleSystems":true},"in2DMode":false,"pivot":{"x":-21.35650634765625,"y":46.61094665527344,"z":77.32013702392578},"rotation":{"x":-0.01349071878939867,"y":-0.9863889217376709,"z":0.10784662514925003,"w":-0.12338592112064362},"size":1.2506051063537598,"orthographic":false}