{"cameraMode":{"drawMode":0,"name":"Shaded","section":"Shading Mode"},"sceneLighting":true,"audioPlay":false,"sceneViewState":{"showFog":true,"showMaterialUpdate":true,"showSkybox":true,"showFlares":true,"showImageEffects":true,"showParticleSystems":true},"in2DMode":false,"pivot":{"x":-52.171634674072269,"y":4.810340881347656,"z":-140.38259887695313},"rotation":{"x":0.09456205368041992,"y":-0.41816648840904238,"z":0.04381915181875229,"w":0.9023717641830444},"size":16.12782096862793,"orthographic":false}