{"cameraMode":{"drawMode":0,"name":"Shaded","section":"Shading Mode"},"sceneLighting":false,"audioPlay":false,"sceneViewState":{"showFog":true,"showMaterialUpdate":false,"showSkybox":true,"showFlares":true,"showImageEffects":true,"showParticleSystems":true},"in2DMode":false,"pivot":{"x":-0.000039458274841308594,"y":2.8566524982452394,"z":-0.00022554397583007813},"rotation":{"x":0.01053028553724289,"y":0.9888173937797546,"z":-0.12166434526443482,"w":0.08559900522232056},"size":12.895333290100098,"orthographic":false}