{"cameraMode":{"drawMode":0,"name":"Shaded","section":"Shading Mode"},"sceneLighting":false,"audioPlay":false,"sceneViewState":{"showFog":true,"showMaterialUpdate":true,"showSkybox":true,"showFlares":true,"showImageEffects":true,"showParticleSystems":true},"in2DMode":false,"pivot":{"x":489.65374755859377,"y":3.002000093460083,"z":-391.2167663574219},"rotation":{"x":0.4665558338165283,"y":-0.5137927532196045,"z":0.40081074833869936,"w":0.5980748534202576},"size":71.97015380859375,"orthographic":false}