{"cameraMode":{"drawMode":0,"name":"Shaded","section":"Shading Mode"},"sceneLighting":true,"audioPlay":false,"sceneViewState":{"showFog":true,"showMaterialUpdate":true,"showSkybox":true,"showFlares":true,"showImageEffects":true,"showParticleSystems":true},"in2DMode":false,"pivot":{"x":528.2113037109375,"y":-16.972639083862306,"z":-392.395751953125},"rotation":{"x":0.1353861391544342,"y":0.7623491287231445,"z":-0.1692560762166977,"w":0.6097924709320068},"size":50.71612548828125,"orthographic":false}