{"cameraMode":{"drawMode":0,"name":"Shaded","section":"Shading Mode"},"sceneLighting":true,"audioPlay":false,"sceneViewState":{"showFog":true,"showMaterialUpdate":true,"showSkybox":true,"showFlares":true,"showImageEffects":true,"showParticleSystems":true},"in2DMode":false,"pivot":{"x":468.79095458984377,"y":2.37781023979187,"z":-396.8874206542969},"rotation":{"x":0.11165715754032135,"y":0.018618043512105943,"z":-0.002093812683597207,"w":0.9935701489448547},"size":4.97841215133667,"orthographic":false}