{"cameraMode":{"drawMode":0,"name":"Shaded","section":"Shading Mode"},"sceneLighting":true,"audioPlay":false,"sceneViewState":{"showFog":true,"showMaterialUpdate":true,"showSkybox":true,"showFlares":true,"showImageEffects":true,"showParticleSystems":true},"in2DMode":false,"pivot":{"x":479.6844482421875,"y":17.41669273376465,"z":-375.21514892578127},"rotation":{"x":0.22954866290092469,"y":0.7608208060264587,"z":-0.35437503457069399,"w":0.4928259253501892},"size":2.9868431091308595,"orthographic":false}