{"cameraMode":{"drawMode":0,"name":"Shaded","section":"Shading Mode"},"sceneLighting":true,"audioPlay":false,"sceneViewState":{"showFog":true,"showMaterialUpdate":true,"showSkybox":true,"showFlares":true,"showImageEffects":true,"showParticleSystems":true},"in2DMode":false,"pivot":{"x":-42.49430465698242,"y":8.698287963867188,"z":-137.61228942871095},"rotation":{"x":0.005193969234824181,"y":0.9705613851547241,"z":0.02101731486618519,"w":-0.23987875878810883},"size":19.054218292236329,"orthographic":false}