{"cameraMode":{"drawMode":0,"name":"Shaded","section":"Shading Mode"},"sceneLighting":true,"audioPlay":false,"sceneViewState":{"showFog":true,"showMaterialUpdate":true,"showSkybox":true,"showFlares":true,"showImageEffects":true,"showParticleSystems":true},"in2DMode":false,"pivot":{"x":-90.90229034423828,"y":142.37269592285157,"z":304.1345520019531},"rotation":{"x":-0.27230244874954226,"y":-0.5162534117698669,"z":0.17741161584854127,"w":-0.7923755645751953},"size":19.04381561279297,"orthographic":false}