{"cameraMode":{"drawMode":0,"name":"Shaded","section":"Shading Mode"},"sceneLighting":true,"audioPlay":false,"sceneViewState":{"showFog":true,"showMaterialUpdate":true,"showSkybox":true,"showFlares":true,"showImageEffects":true,"showParticleSystems":true},"in2DMode":false,"pivot":{"x":6.159663677215576,"y":2.36844539642334,"z":-28.486379623413087},"rotation":{"x":0.0008674974669702351,"y":-0.9991292357444763,"z":0.02789306640625,"w":0.031015625223517419},"size":0.4868382215499878,"orthographic":false}